<?xml version="1.0" encoding="utf-8" ?>
<odoo>

    <record id="action_report_stock_card_report_html" model="ir.actions.client">
        <field name="name">Stock Card Report</field>
        <field name="tag">stock_card_report_backend</field>
        <field name="context" eval="{'active_model': 'report.stock.card.report'}" />
    </record>

    <record id="action_stock_card_report_pdf" model="ir.actions.report">
        <field name="name">Stock Card PDF</field>
        <field name="model">report.stock.card.report</field>
        <field name="report_type">qweb-pdf</field>
        <field name="report_name">stock_card_report.report_stock_card_report_pdf</field>
        <field name="report_file">stock_card_report.report_stock_card_report_pdf</field>
        <field
            name="print_report_name"
        >'Stock Card Report - [%s]' % (object.location_id.complete_name)</field>
        <field name="paperformat_id" ref="stock_card_report.paperformat_stock_card" />
    </record>

    <record id="action_stock_card_report_xlsx" model="ir.actions.report">
        <field name="name">Stock Card XLSX</field>
        <field name="model">report.stock.card.report</field>
        <field name="report_type">xlsx</field>
        <field
            name="report_name"
        >stock_card_report.report_stock_card_report_xlsx</field>
        <field name="report_file">Stock Card Report</field>
    </record>

</odoo>
